{"accuracy": [0.6240800023078918, 0.7443199753761292, 0.7719200253486633, 0.7987200021743774, 0.8108800053596497], "loss": [0.9591337442398071, 0.6799923181533813, 0.594029426574707, 0.5345398187637329, 0.49143949151039124], "val_accuracy": [0.7455999851226807, 0.7896000146865845, 0.7968000173568726, 0.8136000037193298, 0.8184000253677368], "val_loss": [0.6727324724197388, 0.5774567127227783, 0.5506490468978882, 0.5094242691993713, 0.507896900177002]}